,EMG1,EMG2,EMG3,EMG4,EMG5,EMG6,EMG7,EMG8,EMG9,EMG10,EMG11,EMG12,EMG13,EMG14,EMG15,EMG16
0,7.82525403023231e-07,1.1568893944934754e-06,1.1241420950020887e-06,1.2922140212591432e-06,1.0193847173584252e-06,9.236115906330947e-07,1.4920741630232717e-06,1.1706745095017337e-06,1.6400071802420178e-06,1.009654730577128e-06,1.0571019057204717e-06,1.898185153798191e-06,9.345520009957436e-07,1.2616092198696466e-06,1.664611542056809e-06,1.3389569793121832e-06
1,9.98726943268658e-07,1.3206024712622618e-06,1.2764385393448029e-06,1.6505838080942026e-06,1.2718073045712812e-06,1.1262782880526231e-06,1.5019344432852772e-06,1.191335094551399e-06,1.8398983311456477e-06,1.2261369323938997e-06,1.2693150838306643e-06,1.5094468871722842e-06,1.1162405769670304e-06,1.375065182029822e-06,1.6561074438082534e-06,1.5471404681720248e-06
2,1.0079472930991558e-06,1.2312148641130028e-06,1.3906721307348627e-06,1.5761136092732608e-06,1.2339840830443415e-06,1.2384317247905743e-06,1.4949525907778908e-06,1.3573338737253358e-06,1.9146410602351386e-06,1.3488280791968183e-06,1.5299412338541672e-06,1.513584860743355e-06,1.215130256491815e-06,1.4200066057210985e-06,1.7397703271686278e-06,1.5786926302870137e-06
3,1.043021921693036e-06,1.0254347687558681e-06,1.2564450663200924e-06,1.3432785439842937e-06,1.2132225808465407e-06,1.3352915181307322e-06,1.4349264109234877e-06,1.5595886513121989e-06,2.1568683247738585e-06,1.1428047840214677e-06,1.5321173762079788e-06,1.437065027382119e-06,1.1423928232332822e-06,1.4786792759200468e-06,1.8194855418089993e-06,1.4697092020818026e-06
4,1.0858515952609136e-06,1.164728674847176e-06,1.3635394822338084e-06,1.4181333321523256e-06,1.3033597830021769e-06,1.4483685351456156e-06,1.4476974707854721e-06,1.5616708652134668e-06,2.2482906701692075e-06,1.1603367019282077e-06,1.4434043424178391e-06,1.7375031748710124e-06,1.217719825575523e-06,1.354212800921038e-06,2.184936244659864e-06,1.3252233232577342e-06
5,9.586329834177322e-07,1.2102647243739452e-06,1.357090575840117e-06,1.4474709465517562e-06,1.2671780166728125e-06,1.5012710328415042e-06,1.5409774272096772e-06,1.4698390909602844e-06,2.1608301687127506e-06,1.222806798089321e-06,1.2386958701848325e-06,2.157877771888763e-06,1.2305194600205202e-06,1.1690309121033834e-06,2.4343764326383143e-06,1.645583203034777e-06
6,1.0044461802213893e-06,1.2319028464746522e-06,1.3175897011778406e-06,1.5562429865237708e-06,1.333477102064832e-06,1.3348883679904462e-06,1.4287058438130096e-06,1.4690103975146455e-06,2.0693728402408134e-06,1.3039239521171743e-06,1.2177219269325747e-06,1.9352902411673246e-06,1.125663969959546e-06,1.3559432095329946e-06,1.9056266046276202e-06,1.698493285847694e-06
7,1.0895459722682939e-06,1.3253824956092166e-06,1.4130731687343915e-06,1.6959328053555946e-06,1.2679367729970257e-06,1.2660163257350188e-06,1.2943721440697348e-06,1.5493641400730762e-06,1.960274441782077e-06,1.3494318264359712e-06,1.355368375330093e-06,1.6905690550535147e-06,1.1793413518138397e-06,1.3112041837969835e-06,1.6422905117814331e-06,1.4276825383085899e-06
8,1.083976313343769e-06,1.0547661212564042e-06,1.3455147472746838e-06,1.5839528316424619e-06,1.217524504179314e-06,1.1277992032286057e-06,1.4209614232629338e-06,1.603448587436929e-06,1.911042252831268e-06,1.2877979823640559e-06,1.3289054324718356e-06,1.6259616297475837e-06,1.2657660980105389e-06,1.1498711148907704e-06,1.7585835127631975e-06,1.3350089002822494e-06
9,1.1692886596913216e-06,1.0897131598949158e-06,1.261359222639257e-06,1.3022838542153762e-06,1.2201820821581902e-06,1.116105459688298e-06,1.530871856619477e-06,1.7888283109055093e-06,1.833530707017852e-06,1.276255484018569e-06,1.3162339577341718e-06,1.7961139711701609e-06,1.369730795143118e-06,1.4081479015642524e-06,1.6911254893538093e-06,1.4432403951362858e-06
10,9.945487846074223e-07,1.0945740884742439e-06,1.2502190796429503e-06,1.1511093575138437e-06,1.3314655267034123e-06,1.152884887838869e-06,1.3545643338907706e-06,1.746565523747003e-06,1.6633051116115758e-06,1.2701777174555376e-06,1.1694007066360336e-06,1.833260172473701e-06,1.3373361933087746e-06,1.399678255372925e-06,1.6932157848347516e-06,1.4951736639937975e-06
11,8.256244480267896e-07,1.2138068485224656e-06,1.331249766954292e-06,1.5127354076090583e-06,1.3518863747023407e-06,1.0816470597376982e-06,1.4833356356564023e-06,1.5275770391552938e-06,1.6632700022733713e-06,1.275165558192433e-06,1.1270921984071377e-06,1.7270397552792094e-06,1.1449561847131049e-06,1.211833262415543e-06,1.6598802872629778e-06,1.506576585244898e-06
12,1.0164672478409862e-06,1.3782489734499027e-06,1.2404262991158443e-06,1.656204129823878e-06,1.1906031722730751e-06,1.0845148932260304e-06,1.5619042161423056e-06,1.3020113990604277e-06,1.9797510326616343e-06,1.1896752571194714e-06,1.307247551114198e-06,1.5729927146880727e-06,1.0728605696768885e-06,1.137148074054483e-06,1.4991119385466485e-06,1.6392560402047013e-06
13,1.0580777299784813e-06,1.0645825709713181e-06,1.3198899091380325e-06,1.2638397004978037e-06,1.2533701926448824e-06,1.023964574809414e-06,1.2774842731530507e-06,1.3074351619969766e-06,2.1457157184957295e-06,1.1160787809391178e-06,1.2799022367237592e-06,1.317288360435417e-06,1.0465556392639058e-06,1.2447010711849413e-06,1.5175111610665633e-06,1.5059532400622735e-06
14,1.0413985630777016e-06,1.0367792716723716e-06,1.662354950662405e-06,1.2514255701738937e-06,1.2497301706460016e-06,1.2396812124476876e-06,1.2370042389257897e-06,1.3121147797739044e-06,1.9272546799827215e-06,1.3889228806092153e-06,1.1151632215152597e-06,1.4561842952602062e-06,1.144401901040729e-06,1.138939447191897e-06,1.4896388331351113e-06,1.3094685904859677e-06
15,1.151583022232875e-06,1.1945674634709056e-06,1.50499471923801e-06,1.25126996425679e-06,1.2343976148144813e-06,1.3491779488169897e-06,1.3027370958082905e-06,1.2635036259953645e-06,1.783840481363293e-06,1.5281825659323995e-06,1.0837174146046519e-06,1.6844464035226803e-06,1.221671408566629e-06,1.189222021531038e-06,1.4849656995459963e-06,1.5955098159605976e-06
16,1.1382377776254742e-06,1.258932884739142e-06,1.1067630914880125e-06,1.2882354320413344e-06,1.2036004377961053e-06,1.1698151195343064e-06,1.6167090008024345e-06,1.2705405637721758e-06,1.7692136212956589e-06,1.4343848379757764e-06,1.2244092902862674e-06,1.8732630923837674e-06,1.2871931075622884e-06,1.3824810290661452e-06,1.5463966792830615e-06,1.8722190184869252e-06
17,1.0225440518794154e-06,1.2489447416287574e-06,1.1146692560074405e-06,1.3721681389768698e-06,1.1495005791691845e-06,1.20702699732219e-06,1.5564480806204677e-06,1.2770319923768666e-06,1.8789951051693607e-06,1.489294459811157e-06,1.3708997963248615e-06,1.960855943115056e-06,1.398823539600961e-06,1.3888046227278459e-06,1.6566687501806506e-06,1.7715678322861755e-06
18,1.0385950411025941e-06,1.2391887833718797e-06,1.1988652686593839e-06,1.4234672018200369e-06,1.2271827556974134e-06,1.2663487398125322e-06,1.3034371203424663e-06,1.4053250690081094e-06,2.4932993451173687e-06,1.4392257006350072e-06,1.4046118635583732e-06,1.8951514429907195e-06,1.3990864049107627e-06,1.4402749392067754e-06,1.9958138749867978e-06,1.8060959851879783e-06
19,9.949569165125316e-07,1.360141423818366e-06,1.1599504955099964e-06,1.380146259597208e-06,1.3077067351573753e-06,1.2816150979430735e-06,1.342182845597083e-06,1.2946156032997855e-06,2.4025273813874862e-06,1.3945104884573951e-06,1.3457071819345261e-06,1.942315787192358e-06,1.144784041543935e-06,1.477769070800728e-06,1.8155101078005102e-06,1.6398037902009223e-06
20,8.166455475185335e-07,1.312504360687076e-06,1.238747871525857e-06,1.3113493637125233e-06,1.277490072033255e-06,1.2118060545560309e-06,1.295144280011834e-06,1.4102851445081365e-06,2.1395101532807494e-06,1.5731214177528432e-06,1.2927993712027283e-06,1.9895796955392607e-06,9.971253873694347e-07,1.30139232028364e-06,1.5468088497258329e-06,1.5523106946540492e-06
21,8.345128607452457e-07,1.2320082170558488e-06,1.310453846392188e-06,1.4199494089231025e-06,1.1804223310222388e-06,1.2995120712394357e-06,1.6501717219769412e-06,1.4019474653329833e-06,2.1904266250761e-06,1.373510539142601e-06,1.2166277100857547e-06,1.8999314421419042e-06,1.1797699034940535e-06,1.2730443790219257e-06,1.5345266863862478e-06,1.6545841271860725e-06
22,9.475007439735147e-07,1.176161125919361e-06,1.201503657059908e-06,1.4870272365035734e-06,1.2175837893425687e-06,1.3717664172510193e-06,1.620392839536274e-06,1.553355924845673e-06,2.225519266317354e-06,1.1598430867527157e-06,1.231145494421973e-06,1.6449071779826173e-06,1.2377260587849752e-06,1.4047381859421772e-06,1.5951505291605805e-06,1.645710206591655e-06
23,1.1077615260086099e-06,1.0133908252812007e-06,1.1792886624074195e-06,1.596507063308298e-06,1.2213456206762715e-06,1.444234092816725e-06,1.387072633037015e-06,2.492136463823468e-06,2.1253256975123183e-06,1.2024852887736114e-06,1.3245846766100135e-06,1.5145090255319912e-06,1.2033281741011335e-06,1.3276755249361353e-06,1.9776449085847867e-06,1.5968147019470986e-06
24,1.2178851396583267e-06,1.0741189988754887e-06,1.2054058987783017e-06,1.5687212970424221e-06,1.2880035001961294e-06,1.383643142012168e-06,2.3591086497517726e-06,3.040222961015726e-06,2.0177084607159562e-06,1.2667790670864946e-06,1.301121507803721e-06,1.6233709543121997e-06,1.1719874587162892e-06,1.5455960937404243e-06,1.9124316564054837e-06,1.359673777434778e-06
25,1.2064163612826381e-06,1.2247359119212087e-06,1.4246058321219463e-06,6.842384789450805e-06,1.3298200302832815e-06,1.238225438866722e-06,4.124042182161951e-06,3.8432403485668e-06,2.170602472842291e-06,1.388219697678787e-06,1.4021166151588103e-06,1.6766657434710032e-06,1.2864816573886678e-06,1.5949306912966396e-06,1.8428753863213845e-06,1.5044827043975218e-06
26,1.129479924013876e-06,1.3663800598392832e-06,2.4138465111435542e-06,1.4908961870289649e-05,6.214988079669594e-06,1.3399784294845059e-06,4.960467621601853e-06,4.087907142088529e-06,2.4021331935426676e-06,4.348442486290701e-06,1.5256124774391825e-06,1.8051350037929464e-06,1.3232918023801664e-06,1.3657059613615954e-06,2.601599756185943e-06,1.8239389880464373e-06
27,1.062028749251405e-06,1.4450669812446446e-06,2.889556976165913e-06,2.0993010941110587e-05,1.1387807952633897e-05,1.177245299076668e-06,3.34264477598017e-06,3.4098949408695166e-06,2.6245541696585587e-06,1.0692247083979518e-05,1.511470462973508e-06,2.159192934375453e-06,1.2962064349510874e-06,1.9417963585640713e-06,2.617078688265521e-06,1.7968461900057136e-06
28,1.1007885355986432e-06,1.3089173026421577e-06,2.646154538405957e-06,1.7588918850434994e-05,6.541043910849048e-06,1.0028419187781696e-06,1.6037683991901445e-06,3.0471459555648693e-06,2.5525314251809246e-06,9.890856561144071e-06,1.4376572780845496e-06,2.170639447200631e-06,1.4259556354422894e-06,2.1473837133039485e-06,1.9087333018241563e-06,2.085061560770188e-06
29,1.1694512741106801e-06,1.260210173649471e-06,2.1668812540517964e-06,1.229643822899842e-05,2.1600968530255366e-06,1.0273149115591575e-06,1.46378273715113e-06,4.145133584363855e-06,2.643129417346871e-06,6.516388159010285e-06,1.327350543279959e-06,2.1781793015673096e-06,1.5950273564805115e-06,2.203050675965618e-06,1.643441379250809e-06,2.020560694493482e-06
30,3.550400116962803e-06,1.4008560991902172e-06,2.162007530526191e-06,1.6876198153124696e-05,5.147448090901311e-06,1.3161496161924082e-06,1.837109448533719e-06,4.2731235314490305e-06,2.467347425872536e-06,1.1403484795250569e-05,1.4926727031878767e-06,2.574625590742941e-06,1.943012457323744e-06,4.179471584308214e-06,2.3966716689797452e-06,2.273869050175267e-06
31,7.908625562847211e-06,1.5038663836348582e-06,4.316922714544787e-06,2.0762417000986163e-05,1.6182055876667265e-05,1.6997568160976028e-06,1.8291336381007394e-06,3.8099614006034666e-06,2.4283911450541088e-06,8.593968054837404e-06,1.7871281287876468e-06,2.7134255427676755e-06,1.8809605529831284e-06,3.6184213895425254e-06,2.9927730449476736e-06,2.6842277193240942e-06
32,8.241885029093317e-06,1.5159018006557142e-06,4.418841647789885e-06,1.663376244410327e-05,2.2743651450468272e-05,1.93192339876505e-06,1.5760419330763429e-06,5.2499045912938854e-06,2.968943003000844e-06,1.6804799660509842e-06,1.5614189739564896e-06,4.163436234380908e-06,1.9942105067307333e-06,1.5483567448019294e-06,2.2811540831635056e-06,2.4870603614719705e-06
33,5.5514804389784566e-06,1.4826490437023986e-06,2.1399243915080954e-06,1.5203977934373834e-05,1.3340530765389709e-05,1.916421566002346e-06,2.535335104677907e-06,5.36857545041863e-06,3.0443128164491283e-06,1.8238757987094743e-06,1.449890641590182e-06,3.884087749535915e-06,1.918492314247694e-06,1.4320946296692745e-06,1.8675892664624547e-06,2.235276240982203e-06
34,6.547519900946876e-06,1.446951893111833e-06,1.4403172823653975e-06,2.583426787420536e-05,5.275518981721629e-06,1.6216569494448567e-06,2.9361354181099395e-06,4.463331343352606e-06,2.8144106830470154e-06,1.9916282463981837e-06,1.5738899238345573e-06,2.0611304257954726e-06,1.6089206364083074e-06,1.3432199807501952e-06,2.0330580428907323e-06,1.7573430805966147e-06
35,7.087456207995378e-06,1.735472803558707e-06,4.036042198085711e-06,2.5791737976088836e-05,2.475910625135654e-05,1.93942232080346e-06,2.064193913705205e-06,5.971810644974227e-06,2.7942965423577956e-06,2.529563436411897e-06,1.4877178974275892e-06,1.8500396514300539e-06,3.1629225481400733e-06,1.8982483243308964e-06,2.060072529446523e-06,1.8995452317161154e-06
36,1.3827359455988824e-05,2.7351749579393733e-06,7.140380374839542e-06,2.6567329630454447e-05,3.4655417984795626e-05,2.3624935204096175e-06,1.9570415735616337e-06,5.061800683490175e-06,3.363616744713778e-06,2.3903127254153025e-06,1.3092127977916347e-06,2.2649218109542883e-06,3.7794239248702367e-06,2.647269026937699e-06,2.176048057498347e-06,1.9525423956950266e-06
37,1.623712806586934e-05,2.965414524432196e-06,6.293156668418408e-06,2.628566018164242e-05,2.149192637557369e-05,2.067711221537324e-06,2.135229334681917e-06,4.58267976346717e-06,3.7595410045385785e-06,2.1380617224206367e-06,1.2777043712537223e-06,2.5735986128306393e-06,3.3409367036212973e-06,2.509143832930203e-06,3.88732163377485e-06,1.8162815992198454e-06
38,6.313470346409208e-06,2.498118378062546e-06,4.448598170809794e-06,1.8438101249367037e-05,1.1126468123589476e-05,2.098661783324344e-06,2.0646658792952226e-06,8.306739312068117e-06,3.3520573861723118e-06,2.7226618647851207e-06,1.1938242870508762e-06,2.211439545696511e-06,3.001671737829893e-06,1.7672750368431756e-06,1.806329729971759e-05,1.8204393812263996e-06
39,2.6295915053108956e-06,2.4731000304784656e-06,3.843380031237178e-06,2.4066188465719847e-05,3.745618070662406e-06,1.9498372764068054e-06,1.8304329705687871e-06,1.5135802098273688e-05,3.046252466544909e-06,2.4351711279764413e-06,1.253924996459813e-06,1.8159850003114168e-06,1.802609688609624e-06,2.7310593606158226e-06,1.884917960595906e-05,1.6609738858714473e-06
40,2.542580213386093e-06,2.0155286318661977e-06,2.5856370373347142e-06,4.220553343777617e-05,2.881149999106183e-06,1.3383786803757162e-06,1.5171716094207531e-06,2.1402993050235653e-05,3.2267343014996416e-06,1.844499229916661e-06,1.3211055613013084e-06,1.4596250406022158e-06,1.4722280781604849e-06,2.0509732702294548e-05,5.21492340861933e-06,1.7154207815160066e-06
41,1.6737764115960116e-06,1.6839926932106786e-06,1.7093572098111818e-06,4.445283341324161e-05,2.112424632102501e-06,1.1549560204480744e-06,1.4635794740199793e-06,2.038291695761126e-05,3.033273747742025e-06,1.551136397926219e-06,1.1573274711621578e-06,1.7434174058920587e-06,1.3501116811998775e-06,2.1351026416492182e-05,2.0255021453020108e-05,1.6548174921430822e-06
42,1.9184688184821033e-06,2.0659149451698584e-06,2.575255647405641e-06,3.0738257566735026e-05,2.681589681338309e-06,1.2525828095767876e-06,1.6237756212581536e-06,1.6539018578634435e-05,2.815704680592654e-06,1.841694776187847e-06,1.140826581791376e-06,2.330413805848379e-06,1.2916493156389107e-06,3.4602698032162704e-06,2.6370090008242918e-05,1.5899337618644227e-06
43,2.3020545907732252e-06,2.2364563225984557e-06,5.888759186898151e-06,2.361397215546699e-05,3.703659508913764e-06,1.7178639318269803e-06,2.3203486069870267e-06,1.2147804080120818e-05,3.2847838537088934e-06,2.2714628645866908e-06,1.175658034024764e-06,2.234592117876517e-06,1.509143538747339e-06,1.1889304273019955e-06,8.693927805903315e-06,1.7109702443445868e-06
44,3.4932935562251164e-06,2.2251333951983635e-06,6.04885442861919e-06,1.3685898830260814e-05,4.698424305356795e-06,2.2913706908691972e-06,2.610403775769336e-06,5.740587152670625e-06,7.854044489966823e-06,2.3123843315783246e-06,1.2345886812861372e-06,2.382972196830169e-06,2.9925624768063413e-06,1.4164170240568042e-06,1.7466699471143533e-06,1.6428005052777967e-06
45,5.223384066329302e-06,2.219351412842351e-06,3.8524776587310276e-06,5.833566489160519e-06,6.206158139133006e-06,2.7409668863676636e-06,1.8379478887209333e-06,1.906146258646984e-06,7.976496213027526e-06,2.0551376565130765e-06,1.3150384138572937e-06,2.1925499802232806e-06,4.573463349302547e-06,1.5912705112152471e-06,1.7336801113650328e-06,1.6739721693964941e-06
46,4.383389770830195e-06,2.2938244908236934e-06,5.407165921477217e-06,5.7705537312045706e-06,5.000247228130165e-06,2.15735434255046e-06,1.4654779664144114e-06,4.267703572112552e-06,2.8763029992197427e-06,1.5429518797628647e-06,1.2012975845006811e-06,1.5984808728455088e-06,4.746763739803263e-06,1.4409270401870197e-06,1.7814012535137212e-06,1.5721887525793047e-06
47,2.5429202762047267e-06,2.2076664504108242e-06,7.492905957805069e-06,5.926456558178658e-06,4.4564810428245324e-06,1.4436139155804389e-06,1.5673765996030393e-06,5.018529347527438e-06,3.841433644837881e-06,1.6891621110044376e-06,1.2552303197802823e-06,1.8595750873028622e-06,3.4152069201185097e-06,1.2582437486053604e-06,1.8662630157911934e-06,1.5585903785377787e-06
48,1.998262287892132e-06,2.358419239377493e-06,8.141887119278702e-06,5.349830245436512e-06,5.466475526528041e-06,1.6427028489457294e-06,1.6809262990052517e-06,5.046131391726698e-06,5.313054054168556e-06,1.8068972741335943e-06,1.3229417000364384e-06,1.898457899572283e-06,2.1195210245423495e-06,1.1656175093780327e-06,1.8698845024261687e-06,1.6697422176328537e-06
49,1.6909238503837778e-06,2.3450097898712007e-06,6.219648965635792e-06,8.337439395952598e-06,3.63058247062708e-06,1.640231282630834e-06,1.6811720369220564e-06,4.802438664417835e-06,5.106144406298774e-06,1.9565098678947913e-06,1.1544926450442175e-06,1.5283231181175443e-06,1.8227860793561693e-06,1.3300791813414432e-06,1.9709221080964883e-06,1.7594707191575213e-06
50,1.3197313851605384e-06,2.3527148033933112e-06,5.020393567158531e-06,8.493750073019574e-06,6.7310848955377446e-06,1.4035065208775673e-06,2.149773620664964e-06,6.363462670059459e-06,5.331597061683132e-06,1.8774806584443522e-06,1.1548162424429482e-06,1.6895816016029908e-06,1.4453115575281386e-06,1.5547243328631718e-06,1.9220896057850323e-06,2.019234821779075e-06
51,1.7708908657981505e-06,2.4512890882137504e-06,5.841819169252973e-06,9.064445510040934e-06,9.467676197972449e-06,1.4123584137659196e-06,2.28107504494636e-06,2.0986718148943733e-05,5.799405221245218e-06,1.6585573113367377e-06,1.123558212813418e-06,1.782849037279461e-06,2.0721755367424494e-06,1.5671131411880095e-06,1.7642526244136088e-06,2.0121838465437075e-06
52,3.2787497853706215e-06,1.8336765880974375e-06,5.741812549059697e-06,1.0620187905485373e-05,8.644760757082037e-06,1.812083952023818e-06,2.0317618897023295e-06,3.04146254921508e-05,5.761497250585614e-06,2.0554437724928087e-06,1.3536676243716532e-06,1.5189339133460763e-06,4.6730346357581355e-06,1.794647610492943e-06,2.1169879866519147e-06,2.1640745058478752e-06
53,3.521641582013497e-06,1.8846252761564048e-06,4.987786866689744e-06,9.447265704559621e-06,7.995084946173202e-06,1.748939155053574e-06,1.712341539491403e-06,2.3677528870050866e-05,3.911724620612229e-06,1.9254352054221468e-06,1.3339936581969145e-06,1.7124140701398743e-06,4.52090935348236e-06,7.009743173120512e-06,2.2815478669965227e-06,2.5870309718021357e-06
54,4.25984410927536e-06,1.8018253189860749e-06,3.915747410651023e-06,7.728890110767438e-06,6.457707842575853e-06,1.6138039228757198e-06,1.3224315449431493e-06,2.4271727315250146e-05,2.3063878902300706e-06,1.8267582518645135e-06,1.0816678979959783e-06,2.294531508058015e-06,2.786547645227009e-06,9.841439607175247e-06,2.1747950261933762e-06,2.301669266905886e-06
55,7.739577224967204e-06,1.4370342180030531e-06,2.8414523197284278e-06,9.457297131908482e-06,6.858478037157145e-06,2.0542000396490284e-06,1.4302166574249755e-06,2.1720351486660695e-05,2.6240190002966276e-06,1.8406660782623104e-06,1.3418182992639103e-06,2.5264037959804673e-06,2.689473944321228e-06,1.1572406109166754e-05,2.2779984248820678e-06,1.8923267092749252e-06
56,1.0121454402182403e-05,1.2887639539082015e-06,2.0778863017609645e-06,1.0281320951705693e-05,6.5758554903137996e-06,1.9660202823883197e-06,1.8388273131245218e-06,1.9761338600436385e-05,2.69411193969398e-06,1.727553131504822e-06,1.4070521771230414e-06,2.2918211627331927e-06,3.0898994272873042e-06,1.4808849013948266e-05,1.9127582088054874e-06,1.832367140339366e-06
57,1.2091855751136763e-05,1.2165362653492684e-06,1.7503183750733321e-06,9.294558446426397e-06,4.60515323507353e-06,1.5868588745532312e-06,2.024955575214827e-06,2.173213297964546e-05,2.2816604224716393e-06,1.8313928079366232e-06,1.2749210681186404e-06,1.8743425367017815e-06,3.4500334661658665e-06,7.970206972476755e-06,2.040261021767058e-06,1.6740475104524386e-06
58,1.2038201694580834e-05,1.308175130575553e-06,1.7412887792927416e-06,1.3218935391724156e-05,5.15391696107674e-06,1.7690020371969502e-06,1.7096070278385282e-06,1.6509789341760866e-05,2.7615427508757965e-06,1.9734773450462384e-06,1.3526406237429022e-06,1.7113248389553265e-06,2.8253087474149152e-06,1.77969692120781e-06,2.3531389329376013e-06,1.7688660717033435e-06
59,7.663595268246685e-06,1.2552735426595643e-06,1.3711490129852162e-06,1.2847713108666244e-05,4.795417010578228e-06,1.8285724600615924e-06,3.5914603425862914e-06,1.4132296074151007e-05,2.890615571693427e-06,1.7784694503896618e-06,1.448084635154795e-06,1.7815341574044978e-06,2.366295988456358e-06,1.5718478380854585e-06,2.55112806953882e-06,1.5641964400888635e-06
60,4.657481495313871e-06,1.408561560047625e-06,1.708477286458956e-06,1.7383722203999308e-05,4.4678394913943625e-06,1.8836346540615803e-06,3.842029171426667e-06,1.2075251705695514e-05,2.1085271632189294e-06,3.956623173920684e-06,1.384702920521838e-06,1.7069594611666446e-06,2.2882900662317274e-06,1.3844884018081095e-06,2.9985685740160133e-06,1.567207083839898e-06
61,6.933215348478211e-06,1.483379293419755e-06,1.918961678169732e-06,2.4943692051633964e-05,5.71257878658891e-06,1.6503694661410182e-06,3.095453534835226e-06,1.2562363397638398e-05,2.080893639049731e-06,5.845398376401555e-06,1.1678042708289745e-06,1.960440864301263e-06,2.95318588242329e-06,1.3760765802612953e-06,2.706599900958258e-06,1.7419251993084916e-06
62,7.724837420964484e-06,1.180086333730371e-06,1.6198042420861975e-06,3.184287284343428e-05,5.825653117838745e-06,1.4282309348189065e-06,3.4899551343350347e-06,1.589223642022763e-05,2.79359073960401e-06,3.73599058444857e-06,1.2803119168020024e-06,2.2519637382781603e-06,3.934713869510151e-06,1.3361109164517707e-06,2.8588399750413398e-06,1.7233022604179498e-06
63,5.49913041876935e-06,1.263528475540096e-06,1.7008865058362927e-06,3.34983020529248e-05,5.073490311156856e-06,1.68488567857844e-06,2.549434643481258e-06,1.8867616434297166e-05,2.7124802975623306e-06,4.9820474726793655e-06,1.541213182693079e-06,2.1311195484434793e-06,4.278219089589458e-06,1.393248176759742e-06,3.307470319545975e-06,2.1922690244451205e-06
64,3.6085251803771996e-06,1.6588835115515804e-06,2.429874940336092e-06,2.4713125555402933e-05,3.545543525646594e-06,1.8089752533639094e-06,2.2887539053729604e-06,1.804057121578381e-05,2.9787494076932454e-06,6.050434117469772e-06,1.5398897843119363e-06,2.3758038474791753e-06,3.439332851114924e-06,1.5194757925198399e-06,2.772092509515277e-06,2.206152649992031e-06
65,2.394460811365216e-06,1.694910990570075e-06,2.6505839443205404e-06,2.9557366882382027e-05,2.949478415114239e-06,1.5271021825403325e-06,2.0576604708155366e-06,1.7740281356267765e-05,3.3245652074583486e-06,4.770549011315179e-06,1.366573635592594e-06,2.61471283788104e-06,3.133791656687122e-06,1.5160151300061755e-06,1.9695476238788297e-06,1.6579358245583927e-06
66,3.4326600431331275e-06,1.5393773807433959e-06,2.1208079141397187e-06,2.524649279429219e-05,3.0918744231031238e-06,1.3288830550712197e-06,1.7763616397541997e-06,1.8354437658645233e-05,2.319882851894296e-06,4.865517110943107e-06,1.3129832345860042e-06,1.8716848715866083e-06,3.0809450149883257e-06,1.4413020393566203e-06,1.870501306963425e-06,1.6224662962296667e-06
67,3.6621489860813834e-06,1.43462434020569e-06,1.8394904908316779e-06,1.3539202313474987e-05,3.1999453933662006e-06,1.6330795527307957e-06,2.2657303963307807e-06,2.3089850544962655e-05,2.469094914889978e-06,3.845773985998244e-06,1.3528351308487212e-06,1.899138263193922e-06,2.5165693276697904e-06,1.4776367392710493e-06,2.6330227821185633e-06,2.1408004284457627e-06
68,2.8701441652287424e-06,1.4297746002512463e-06,2.0323783667474438e-06,8.951822209774772e-06,3.2745013483576677e-06,1.7513733847820828e-06,3.7770438584180464e-06,2.905365568595234e-05,3.089348260683284e-06,3.707798801018622e-06,1.5948064741023454e-06,2.6780137482057646e-06,1.9319432595211103e-06,1.3787967422115055e-06,3.330603094713096e-06,2.067248007926388e-06
69,2.7269441128230077e-06,1.9160804400605675e-06,2.9608653840620194e-06,6.729234089377563e-06,4.062295428932974e-06,1.639486107492352e-06,3.1832258302549215e-06,2.1623863749482497e-05,5.495115850970503e-06,4.680849993802485e-06,1.6685656444440993e-06,2.5624768526341002e-06,2.2966456175785027e-06,1.2856984515194114e-06,2.741340853975827e-06,1.6065834596942075e-06
70,2.1402209242807986e-06,2.173573377154201e-06,2.581983847733331e-06,6.7042592984728475e-06,4.022750951856828e-06,1.6951454501494587e-06,2.5141390949831464e-06,1.4299223749631744e-05,6.719222518751145e-06,3.2912204650620273e-06,1.7959930476908184e-06,2.2834615333817873e-06,2.8298658588235403e-06,1.2889415626569334e-06,2.047621692153507e-06,1.581072354888364e-06
71,2.2658415789517764e-06,1.7190880267654441e-06,1.8718965546457722e-06,2.790026590919223e-06,2.7511904814103008e-06,2.0454725235754654e-06,2.579175366608013e-06,1.2633596276434574e-05,8.500589578575244e-06,2.7342703577127576e-06,3.3418814537015035e-06,2.8978051905456806e-06,5.9971517920325095e-06,1.2207186121172592e-06,2.106327836371264e-06,1.7893426907650552e-06
72,2.2098269566879156e-06,1.4066242504314986e-06,1.705569941530837e-06,2.341537697911276e-06,2.325808625372562e-06,2.2793063288294198e-06,2.01676499798626e-06,8.528274460751935e-06,9.626247978571551e-06,2.686212516750373e-06,3.406902216226352e-06,3.1975828246128737e-06,6.443872144545911e-06,1.4950396381302848e-06,1.9042619056585642e-06,1.6222357945359545e-06
73,3.492738651304757e-06,1.893441031530738e-06,1.701080731961755e-06,3.079339194123157e-06,3.176629137826171e-06,1.971476020533367e-06,1.9944935144143195e-06,5.155590419377606e-06,5.619446147709045e-06,1.2916611714424605e-06,2.377098729436075e-06,3.2944163870548636e-06,3.644844404045074e-06,1.6997851436141906e-06,1.8412230019235985e-06,1.7456276244681872e-06
74,4.524567209701821e-06,1.950740352302963e-06,1.995258908300347e-06,3.7660939722044487e-06,3.627800704857572e-06,1.5275843251299842e-06,2.061170383169094e-06,3.905258076711591e-06,2.8389502016950116e-06,1.3582769936856616e-06,1.8939436814803597e-06,2.6471726005980162e-06,2.7885378220820794e-06,1.9375544987697926e-06,1.8729582632626133e-06,2.151722533912882e-06
75,4.487172195179428e-06,1.5446179415082257e-06,1.7270351568092087e-06,3.612938368482957e-06,3.5321846637953912e-06,1.3051813143587655e-06,2.490327018727883e-06,3.687708038845306e-06,1.8552758190724267e-06,1.5617573544027452e-06,1.3029161856008773e-06,1.730015476541647e-06,2.2694137178303984e-06,1.845117464429271e-06,1.9157746356595608e-06,2.3123165803351204e-06
76,4.579747308342028e-06,1.631176481065962e-06,1.599813577660352e-06,3.659763102357569e-06,3.6103723716697765e-06,1.4402911575889033e-06,2.038515631241194e-06,3.111353897964674e-06,1.8984940213544241e-06,1.6290170834417053e-06,1.559277872971759e-06,2.5813348509451987e-06,3.5674119478171278e-06,1.5101394548801186e-06,1.971245338963491e-06,2.190446883940949e-06
77,3.750119720728443e-06,1.383689784952767e-06,2.1494207877351346e-06,4.110257908625645e-06,3.7461923692796687e-06,1.6528620657752806e-06,1.6671446006599002e-06,2.979781345402633e-06,1.8675375582285814e-06,1.8372727390718679e-06,1.5694272671512766e-06,2.754753508536766e-06,3.3078927430381573e-06,1.4942310029774066e-06,1.6629311652049486e-06,1.7294472859966234e-06
78,4.46820546362507e-06,1.5133737707080314e-06,2.0578754952889737e-06,3.363892700873084e-06,5.591875170153806e-06,2.304983980240388e-06,1.6555434308564431e-06,2.8136220281198034e-06,2.049610882592239e-06,2.2819292777803608e-06,1.2356357565054067e-06,2.3032749690003657e-06,3.823656813312516e-06,1.5837783036576035e-06,1.7240854548344773e-06,1.7378014158174756e-06
79,5.4303027009083035e-06,1.6491654467023966e-06,1.6138147421816212e-06,2.014938316139264e-06,5.555962209917315e-06,2.62612494856232e-06,1.7235316329450265e-06,3.3952924212618592e-06,2.4765751176893717e-06,2.374326566719315e-06,1.2750747479872703e-06,2.4545586755355466e-06,5.47584945005859e-06,1.5985034537820036e-06,4.525692144823133e-06,1.9773748161429974e-06
80,5.0590449715117425e-06,1.6805726077987143e-06,1.7514944408914353e-06,1.4533022313057853e-06,3.983266631276732e-06,1.7464705333214967e-06,4.342938579799424e-06,2.9999319726283475e-06,3.0785991629669844e-06,5.066908042751291e-06,1.9090170077143895e-06,2.3788973751287855e-06,5.846380443392716e-06,1.404250757878283e-06,4.288717394566783e-06,2.0947355184755712e-06
81,3.957803008349247e-06,1.8507361088515295e-06,1.7150691753840826e-06,2.5851405600628314e-06,2.6924941280087523e-06,1.1026858576357949e-06,5.773440264121986e-06,4.043033532832531e-06,3.997064043138915e-06,5.199577749952316e-06,2.6410712732436968e-06,3.47727198382078e-06,3.7765362743937855e-06,1.2732096591483535e-06,1.8870071494291902e-06,2.1744240688767964e-06
82,2.493543306874151e-06,1.6249129033925189e-06,1.8144101378150064e-06,5.203220315559986e-06,2.651129931655433e-06,1.1727800698031423e-06,3.900215789163071e-06,3.859327066903174e-06,3.876148274779268e-06,2.2086881026292662e-06,2.1387115305986796e-06,3.2520913380207484e-06,1.7947978433998348e-06,3.0994422191026446e-06,2.0516012600779744e-06,2.1455045930904653e-06
83,1.611059443603668e-06,1.5150690318309682e-06,1.944250315366258e-06,6.491586294390859e-06,6.122441822822457e-06,1.3878682160253657e-06,2.4617486829073017e-06,2.7697923993948052e-06,2.5260945705424846e-06,4.3966545421821225e-06,1.3962282657108665e-06,1.9062276938792253e-06,2.3886601095789954e-06,3.432740446672233e-06,1.913919646436342e-06,1.9117294203039635e-06
84,2.7897692430745646e-06,1.5711182614312153e-06,1.7752168258490755e-06,4.987213313885282e-06,5.319207082157561e-06,1.2666645553399005e-06,2.702994035936295e-06,5.31700747939197e-06,2.10885366369871e-06,1.083376120097341e-05,1.2993520860818285e-06,1.7310199999708682e-06,2.0371534178516565e-06,1.561196886830727e-06,1.8872805547189108e-06,1.7001152257313895e-06
85,3.000221509069277e-06,1.3881520507239644e-06,1.4968860703928891e-06,5.6932557989326715e-06,2.578978458890621e-06,1.3061408046746322e-06,3.037385218484121e-06,4.695482139139202e-06,2.5047316062198254e-06,1.017971065027988e-05,1.1641681119668712e-06,1.877960351617472e-06,1.5327458274941421e-06,1.3671583124034492e-06,1.9525845404247984e-06,1.7051061715990806e-06
86,1.8291596311669769e-06,1.2734926447351255e-06,1.3628891551401285e-06,6.294510500166819e-06,2.409016367900448e-06,1.6294242608753172e-06,5.4172924098053925e-06,2.976612838930115e-06,3.1641628704212777e-06,3.4048289597138685e-06,1.3642549060693221e-06,2.587198147197367e-06,1.4651602839344137e-06,1.3698809407862006e-06,2.358123032155688e-06,1.7818677358930065e-06
87,2.4553381249733516e-06,1.428692088550483e-06,1.5014094407361274e-06,3.7945581399360133e-06,2.3037356003289063e-06,1.8767519338051705e-06,5.893208684560059e-06,3.0120807990772374e-06,4.8318725289966365e-06,4.757792259495571e-06,1.7728318572745133e-06,3.296197799104695e-06,2.591624815859131e-06,1.3278659186996465e-06,2.0619442865082325e-06,2.4017805992269655e-06
88,2.426019203208235e-06,1.4203934476280025e-06,1.445446993861918e-06,4.035060376011855e-06,2.0651770021296845e-06,1.6835981261922676e-06,2.879208577630901e-06,2.6840378715462468e-06,8.148328965282785e-06,5.810011186332914e-06,1.973898039275087e-06,5.211936792755344e-06,3.870569328837115e-06,1.5777840117560566e-06,1.7159600086431836e-06,2.429647495518271e-06
89,1.606047047638064e-06,1.3558816751036844e-06,1.3969122652892607e-06,5.291458527844052e-06,1.8867143218111258e-06,1.5222461032108967e-06,2.4196180349753776e-06,2.2685025301941336e-06,9.90650677424374e-06,4.164349475097187e-06,2.5617653506202505e-06,6.741975283672946e-06,4.071350958026994e-06,1.855482474609537e-06,2.1702285586772745e-06,2.8636064122383152e-06
90,2.784744631523428e-06,1.3903303945876731e-06,1.3554258507731426e-06,4.317374732908357e-06,2.6676041197033096e-06,1.7231362068635616e-06,2.2180141061150897e-06,5.421194200407704e-06,7.2735135969629304e-06,3.52394772761759e-06,3.060580785704346e-06,6.2475942666616575e-06,6.610851310693362e-06,2.1289641721401542e-06,3.2477444976114534e-06,4.132083483721154e-06
91,6.864962800309531e-06,1.586460362989789e-06,1.1382474802166537e-06,3.04210878006358e-06,2.92099524576332e-06,1.3951513235470485e-06,2.223913674505136e-06,1.2551085241695817e-05,7.0037103873888585e-06,3.350228398095295e-06,3.0183399830225966e-06,4.7337577165851005e-06,8.80587045186262e-06,2.211550065283336e-06,5.026584868050412e-06,5.692208804424487e-06
92,6.211706027703225e-06,1.490524893436418e-06,1.172112063320259e-06,2.223373669805883e-06,2.806044890732848e-06,1.1116741880262422e-06,2.183192577991869e-06,9.925778251355811e-06,9.473793560163725e-06,4.28116927106402e-06,3.186064236501348e-06,4.373882635673179e-06,8.040371890250577e-06,2.103311907556793e-06,5.414655339783849e-06,6.4647811873210805e-06
93,1.719633033097702e-06,1.149796678381516e-06,1.2710344459046955e-06,7.139941499376053e-06,2.5550540644946826e-06,1.2147040879016087e-06,2.146375882525828e-06,3.267764610797854e-06,7.182780488344889e-06,2.6535956387921617e-06,2.8216074644364987e-06,5.965709924796756e-06,6.97579287919183e-06,1.9727780704293236e-06,4.2745048621062615e-06,5.42768781908638e-06
94,2.854736453533643e-06,1.1102183931063737e-06,1.4365409203092417e-06,8.916605760391657e-06,1.8721689985979704e-06,1.2661322222585539e-06,2.3139308164990303e-06,5.959529287365842e-06,6.00087049343038e-06,1.7443011426804915e-06,2.4802893928697807e-06,5.4883970097271705e-06,9.609354984379295e-06,2.3128485721827056e-06,8.713802459439302e-06,4.421861226702254e-06
95,3.0842888867028256e-06,1.120125186115278e-06,1.3262829071078657e-06,5.202671372015373e-06,1.5380602566126894e-06,1.3756961022514219e-06,1.8750331245480033e-06,5.495755995723137e-06,7.687428828485394e-06,2.933166760510896e-06,2.2814034228646845e-06,3.7337671167900317e-06,1.0098862511299484e-05,2.128926217068644e-06,1.046424073733786e-05,5.271601557814852e-06
96,1.3090910991484663e-06,1.0699813665648004e-06,1.2314413893584877e-06,4.6155711684618624e-06,1.3338221654251041e-06,1.4880931259041703e-06,1.92866040897785e-06,2.5807431341145414e-06,6.5477652490207445e-06,3.4247425794625164e-06,2.089119962010443e-06,4.872045512852081e-06,9.710776445259607e-06,1.6446160983857566e-06,5.365455221361507e-06,5.569823088147378e-06
97,1.16264669132573e-06,1.24057727117523e-06,1.2393978998740392e-06,4.031227791289112e-06,1.506781546187427e-06,1.5474356804640917e-06,2.1850686810352377e-06,5.388052615906452e-06,5.097063220028748e-06,2.1337843188196262e-06,2.1426827424125763e-06,5.471943817592112e-06,1.223764673609826e-05,1.9253158268222352e-06,5.63654871046446e-06,5.4687091008929915e-06
98,1.0433249617777266e-06,1.157204674108647e-06,1.1636588257794027e-06,4.003490191232353e-06,2.543917246688336e-06,1.6118028699352784e-06,1.9610811656334755e-06,4.90034305900012e-06,5.205813765313527e-06,1.2396510003320156e-06,1.9571347058853907e-06,4.234665757883874e-06,8.794223637333779e-06,1.930832522230982e-06,5.639212861449999e-06,5.566193572602438e-06
99,9.98331525912082e-07,1.0391939256042483e-06,1.319331309244723e-06,3.939475092226418e-06,2.409473949673024e-06,1.396410608305151e-06,1.631509344498922e-06,3.235173331395748e-06,4.17669426876261e-06,1.3661288423125138e-06,2.230860612495433e-06,4.242957911713723e-06,3.9575598582564205e-06,1.6983941758972316e-06,4.4286971907325825e-06,6.485774775067564e-06
100,9.562123257232367e-07,1.1086574424795844e-06,1.3002786298974e-06,5.3792649635966334e-06,2.3260850255700594e-06,1.1754170351737263e-06,1.2440886135074451e-06,4.7622942650964304e-06,3.084393342738344e-06,1.2593364704461332e-06,2.0546905277300997e-06,3.994139736323635e-06,3.0806536075203454e-06,1.3592158966061117e-06,4.4590869549489735e-06,6.909976493991183e-06
101,1.1409230765389065e-06,1.1173310345612915e-06,1.20458335609505e-06,7.145787786316245e-06,2.1261229688237215e-06,1.1597826563198528e-06,1.290402231469751e-06,6.013291064920539e-06,3.1238202663019576e-06,1.07589381749446e-06,1.5329910904945741e-06,2.8383804493487196e-06,2.336667333497368e-06,1.2544828504763062e-06,9.325080132735008e-06,4.065299195082298e-06
102,1.0824364383869535e-06,1.0898484567051367e-06,1.2829156398723558e-06,7.513926468544527e-06,1.2110951889359655e-06,1.0243684706468215e-06,1.3632355220149267e-06,5.1352999480458296e-06,2.0964061207017754e-06,1.2671422087425914e-06,1.6103363954220245e-06,2.5618514838420637e-06,1.2786001002472564e-06,1.291535669931797e-06,2.0172710725911056e-05,2.845507834090088e-06
103,9.288198427905687e-07,1.1766577266003861e-06,1.3736820700618468e-06,7.008532600168563e-06,1.2746713912322526e-06,1.0232865389669782e-06,1.356216145627224e-06,4.332635388446759e-06,1.659726174300475e-06,1.3582456356539283e-06,1.5748139153313334e-06,3.2955522509694098e-06,1.2653796872286581e-06,1.313057535240276e-06,1.3942652782044688e-05,2.873815915904653e-06
104,1.1512357089552213e-06,1.351751160905254e-06,1.2520868536878821e-06,4.772615413860648e-06,1.1971638417518292e-06,1.1788413717706806e-06,1.4734025817261136e-06,4.776407065144047e-06,1.8476418757837554e-06,1.3139888592788527e-06,1.5266488104612687e-06,4.136359864570761e-06,1.1907743510478024e-06,1.4215505405616843e-06,2.770013295897037e-06,2.5874417739451264e-06
105,1.0735723005349452e-06,1.2358638574004625e-06,1.2791502641560588e-06,4.447422489691127e-06,1.1549716656433558e-06,1.3413277310989513e-06,1.440885431629755e-06,4.042298753754986e-06,2.0448668363560898e-06,1.2873748873287045e-06,1.7069766692504097e-06,3.3460208220488096e-06,1.2235063827933786e-06,1.4684965212644121e-06,3.2656673244138632e-06,2.223382371509427e-06
106,8.030060532600617e-07,1.1767725613852382e-06,1.3797948350530642e-06,5.849313129017211e-06,1.2000795666425926e-06,1.348001097020796e-06,1.8156874186630277e-06,4.4006205044730125e-06,2.302406703756308e-06,1.175072093733932e-06,1.830501641365947e-06,2.4522157219507476e-06,1.1877872086911866e-06,1.2834478259588892e-06,4.11970526987537e-06,2.6305837262024505e-06
107,7.096190374824604e-07,1.106283214722915e-06,1.3115088447958082e-06,6.768044322164859e-06,1.1987844503192406e-06,1.1319899426761246e-06,1.6509009215371055e-06,5.235033703237338e-06,2.02385197918639e-06,1.1935824360057968e-06,1.7560922006365354e-06,3.5531295445018924e-06,9.815436240639932e-07,1.11721140535107e-06,4.14906128482175e-06,3.6704954801581664e-06
108,8.399744803495805e-07,1.0642952548106042e-06,1.2252158924464996e-06,7.290847718144781e-06,1.0242807599949804e-06,1.0725695160169193e-06,1.1676511713874156e-06,5.457014578817776e-06,1.8169152578975778e-06,1.068745090710337e-06,1.7151946266230439e-06,3.472367593085416e-06,1.1472086677992188e-06,1.3663726294687075e-06,2.9635718313692503e-06,3.530557559317499e-06
109,1.0570244477101385e-06,1.1538466031168006e-06,1.2505559219141065e-06,6.597701916320148e-06,9.911968823577027e-07,1.1616085429323994e-06,1.3833424693675491e-06,4.770601745291033e-06,2.0671556574131004e-06,1.170562507631894e-06,2.0779986899365085e-06,2.6091838666283414e-06,1.3931970689960777e-06,1.3967829638411487e-06,2.5159094117454367e-06,3.167460140308592e-06
110,1.1705201680207152e-06,1.1812194844268514e-06,1.2940786327521485e-06,6.639391906136383e-06,1.0627189904367408e-06,1.1141612749853219e-06,1.578743933327651e-06,3.844988113291991e-06,1.943063258962407e-06,1.3571428203958575e-06,2.3890342891528044e-06,2.8246336269629975e-06,1.198469923931539e-06,1.2397880628247876e-06,3.3649590536769513e-06,2.8492953160157132e-06
111,1.1450073523610658e-06,1.2249586674730211e-06,1.2933193725954006e-06,6.093708868436505e-06,1.1113198610892311e-06,1.0982008396168112e-06,1.5711360433185158e-06,5.053755889246103e-06,1.8980614019934385e-06,1.2964459711316518e-06,2.171532275825587e-06,3.060446901960312e-06,1.0494439559978594e-06,1.2236863302125589e-06,2.9897666107897248e-06,2.661188062093121e-06
112,1.0325885963186311e-06,1.1156870445001772e-06,1.2907140068070352e-06,4.7509747404507505e-06,1.3220259758728193e-06,1.1530394010912067e-06,1.5842669630105171e-06,4.848962824312449e-06,1.9404770943736754e-06,1.263414027937613e-06,1.8987296659170132e-06,3.851537864835227e-06,1.1063296392915646e-06,1.3884333868697789e-06,2.6252367497649335e-06,3.0629555029537687e-06
113,1.048415656017585e-06,1.06994498913023e-06,1.1315042550622639e-06,4.658403813791335e-06,1.495114286036628e-06,1.0484294317685506e-06,1.5625685125253353e-06,4.258271828461856e-06,1.9831133540262352e-06,1.253416397075934e-06,1.5261053900587519e-06,3.927015415757735e-06,1.166280288839806e-06,1.455617343193201e-06,4.36310328491267e-06,2.9528942546239383e-06
114,1.0542206041782646e-06,1.1441224839358381e-06,1.2174143786475294e-06,5.107061473292325e-06,1.3643984746619198e-06,9.740645093218298e-07,1.3971482635968984e-06,4.25819497659035e-06,2.0252243714582047e-06,1.2046197880855017e-06,1.2495578309042676e-06,2.9337930704195446e-06,1.200231048034051e-06,1.296949582374819e-06,4.530115637703993e-06,2.8845795937526416e-06
115,9.931340462568449e-07,1.1417735972763221e-06,1.3041063875677557e-06,5.0720915467941e-06,1.2481275633342745e-06,1.1190501947421431e-06,1.5241771454486682e-06,4.070388474163182e-06,1.7330928351134043e-06,1.1893288822015739e-06,1.9926813815027726e-06,2.961634974122224e-06,1.1830537149586085e-06,1.3310583608732897e-06,3.7367645889998837e-06,2.9149662620146052e-06
116,1.0140924598409996e-06,1.1653222481085114e-06,1.2156561380449467e-06,4.86010551075825e-06,1.3090057797670878e-06,1.1231626760454544e-06,1.5913834682028312e-06,4.1995194251680656e-06,1.725580399060057e-06,1.1921440456752062e-06,2.4138752293169675e-06,2.8470851992359326e-06,1.131686119010235e-06,1.3819860827525462e-06,4.144138557921786e-06,2.436012291152147e-06
117,1.001533054616456e-06,1.1527963430423948e-06,1.3024409920820432e-06,4.7777376377072006e-06,1.2008815912181625e-06,1.1210737334973895e-06,1.4090933727620678e-06,4.584823189768221e-06,1.8848318005551152e-06,1.219926798560718e-06,2.1118457905450116e-06,2.658536836239821e-06,1.1673076099038727e-06,1.3521412305316525e-06,5.673697255016533e-06,2.9999790586304743e-06
118,1.1164238935654732e-06,1.1694209653742675e-06,1.4046089906117703e-06,5.285594058776541e-06,1.2389916944651452e-06,1.137305552556821e-06,1.4643439643562442e-06,4.174145174425637e-06,1.8708593336141776e-06,1.1836605835062543e-06,2.2100741403348796e-06,3.0636736256188888e-06,1.225354323394959e-06,1.4310142978651735e-06,4.762939327051536e-06,3.008239492885663e-06
119,1.0260484028138746e-06,1.179905022862357e-06,1.5603517601105635e-06,5.862295497321876e-06,1.155954428406581e-06,1.1060216893179695e-06,1.451348573836444e-06,4.0180210816069466e-06,1.7607200466662135e-06,1.4949913832340554e-06,2.42262126983008e-06,3.01728423730039e-06,1.2348415412928365e-06,1.2899265422530859e-06,3.3265695445718304e-06,2.4338431202044878e-06
120,9.315156722831931e-07,1.0215340221378858e-06,1.6570302033723508e-06,5.522789005252584e-06,9.973212491001628e-07,1.0925292332101387e-06,1.6125208681669728e-06,4.675308270616029e-06,1.8348101442978756e-06,1.7335560892901017e-06,2.7417476551730024e-06,3.3182132040076287e-06,1.3124066997745203e-06,1.0448924016074243e-06,5.0320736038036705e-06,3.0749050797132283e-06
121,1.0341783155954794e-06,1.0449073174848058e-06,1.6505192452658169e-06,5.958486581248484e-06,1.1070716595633927e-06,1.0266603795470569e-06,1.5723614486529822e-06,4.630729877460169e-06,2.125785194879041e-06,1.4815343585633545e-06,2.5886536818837026e-06,3.6416428244284114e-06,1.3938012630829397e-06,1.105923657478016e-06,4.8765417383398044e-06,3.517360573191145e-06
122,1.0805275138283402e-06,1.132299072528428e-06,1.3161765480156687e-06,5.548700638645544e-06,1.0098001555751596e-06,1.0606080661104288e-06,1.5518822486308808e-06,3.954346711067305e-06,1.9759277985208218e-06,1.2730404175744017e-06,2.033510196518069e-06,3.4825889743994526e-06,1.3076027339687559e-06,1.1471820588502713e-06,4.33236418350414e-06,3.4397500894191265e-06
123,1.1621068788320147e-06,9.86201230499409e-07,1.1723960015772443e-06,3.860049651156286e-06,1.058902432696946e-06,1.1292927436017296e-06,1.77042716257537e-06,3.5805149333615536e-06,1.7169178195902771e-06,1.2552206802365531e-06,2.031666474006782e-06,3.16220939202065e-06,1.3658761105680481e-06,1.1280227749438345e-06,3.95293419098445e-06,3.544410823554748e-06
124,1.0872157994990025e-06,1.226174214788479e-06,1.4679077809242174e-06,3.922234320626463e-06,1.1510745414016676e-06,1.1648262943622552e-06,1.7467446839407073e-06,3.92877464727939e-06,1.8520294091998058e-06,1.2026462206250846e-06,2.0814093096890603e-06,2.9985259649106827e-06,1.2753549948664343e-06,1.1386545092275283e-06,3.446765771403582e-06,3.4324961542707816e-06
125,1.1280472191970645e-06,1.3967074968307106e-06,1.3645562130968111e-06,5.494594810193439e-06,1.194589531294937e-06,1.0733165593331095e-06,1.6594589810812276e-06,3.73667926732312e-06,1.8512379892872113e-06,1.1316036924533885e-06,2.394006959100003e-06,2.67706127136211e-06,1.0306248402138653e-06,1.2687185206073564e-06,3.6104321076011976e-06,3.1081227144105822e-06
126,1.081335368181254e-06,1.1220335426197602e-06,1.1246110302172838e-06,6.2262593017940846e-06,1.2931637064191024e-06,1.0158879767884264e-06,1.391592494647844e-06,3.660324723131747e-06,1.7141412701908901e-06,1.2136305939251184e-06,2.694442461202712e-06,2.547239217370159e-06,1.1662749197905195e-06,1.1874059646449316e-06,4.073802052120839e-06,2.699172263264027e-06
127,1.068328732321871e-06,1.0381355745292587e-06,1.090473870174423e-06,5.076836933383043e-06,1.3225440910740135e-06,1.0901952564610304e-06,1.4649094492894877e-06,3.971030050878036e-06,2.123046015323965e-06,1.2957015048073176e-06,2.275907648561389e-06,2.636362287316205e-06,1.2202763555178491e-06,1.2323817046872349e-06,4.247511660963262e-06,2.5775645279178177e-06
128,1.1577500011902592e-06,1.1464828551353916e-06,1.2258377541612517e-06,4.2593180189448525e-06,1.345611337921298e-06,1.2283692326493104e-06,1.59639018720987e-06,4.005635066930088e-06,2.2825607863662657e-06,1.3316822183336236e-06,1.836907162245755e-06,2.4118974850884406e-06,1.2502901812228175e-06,1.3651419847959868e-06,4.240986911522894e-06,2.875441991671286e-06
